Current Depth,Error,RMS,Signal
9.743460141889125,-2.00000000001509,2.00000000001509,-2454.0000000185155
9.743460141439629,-1.9999999995655937,1.999999999790342,-2477.9999994671643
9.742117879441134,-1.9986577375670986,1.999552679164315,-2500.353043989798
9.736128702914158,-1.992668561040123,1.997833873500077,-2516.988217242004
9.724714132373784,-1.9812539904997486,1.9945289227929717,-2526.8945619214464
9.70824796827758,-1.9647878264035459,1.9896029470756234,-2530.4656264614027
9.690329476498164,-1.9468693346241288,1.983554512491287,-2532.0570909649005
9.668120253607345,-1.92466011173331,1.9762886958219537,-2528.168806493355
9.64771639921539,-1.9042562573413555,1.9684152669227999,-2526.2291984952267
9.624966849635841,-1.8815067077618064,1.9598978406755156,-2521.166576249216
9.602889751441014,-1.8594296095669787,1.9509781679916336,-2516.656057257304
9.582435841739823,-1.838975699865788,1.941891379481972,-2513.8722653687473
9.559475779711953,-1.8160156378379178,1.9324997433246645,-2507.76797765894
9.539361346586984,-1.7959012047129495,1.923064509177958,-2504.8797558686592
9.51815666559221,-1.774696523718175,1.9135312425240656,-2500.412426744626
9.496038023484992,-1.7525778816109572,1.903870342106563,-2494.5692111636877
9.477151380040947,-1.7336912381669123,1.8942830675815385,-2492.426234237176
9.453859489070053,-1.7103993471960184,1.8845380764561181,-2484.6513788738926
9.43489030015771,-1.6914301582836746,1.8748704332690664,-2481.9009762447986
9.413088343628955,-1.6696282017549198,1.8651447935948506,-2475.4471374834206
9.391869390901533,-1.6484092490274982,1.8553982382658314,-2469.447020907933
9.372209823562468,-1.6287496816884328,1.8456999238938543,-2465.10564277123
9.349711381877599,-1.606251240003564,1.8359386137006457,-2457.045051004157
9.330220146806548,-1.586760004932513,1.8262350952919684,-2452.4043204520203
9.30883781145583,-1.5653776695817943,1.8165201700729985,-2445.2093150358787
9.286755176811296,-1.5432950349372607,1.806775684982174,-2436.898454362018
9.267850447098168,-1.5243903052241325,1.7971084137887052,-2432.2218914232567
9.244513679183347,-1.5010535373093123,1.787379619287518,-2421.8803608544617
9.225506658400446,-1.4820465165264114,1.7777241085123134,-2416.5713888015543
9.203670585848318,-1.4602104439742831,1.7680592157719404,-2407.5630859784096
9.182443769147367,-1.4389836272733323,1.7584053956028654,-2399.0403072140343
9.162796194817084,-1.4193360529430485,1.7488048635517068,-2392.200537038056
9.140316926742095,-1.39685678486806,1.7391864982893868,-2381.650507745362
9.120529115486654,-1.3770689736126194,1.7296184402461665,-2374.133144753353
9.099499227797727,-1.3560390859236922,1.7200710970613025,-2364.8543002423908
9.077431946133611,-1.3339718042595763,1.7105233201636965,-2354.050214671605
9.058532041703561,-1.315071899829526,1.7010446324552588,-2346.867693587048
9.035188231108178,-1.2917280892341427,1.691542558201769,-2334.005700784467
9.016159122430125,-1.2726989805560898,1.6821062749666449,-2326.1577215073057
8.994293820150656,-1.2508336782766207,1.6726802158640135,-2314.6013833770703
8.973038647164232,-1.2295785052901973,1.663277894168305,-2303.531290262048
8.953361586621003,-1.2099014447469685,1.6539281451282364,-2294.1424790389888
8.930863443111413,-1.187403301237378,1.6445824775019486,-2281.056074289685
8.911069611818155,-1.1676094699441197,1.635287905305421,-2271.017882907706
8.890041905363965,-1.1465817634899302,1.626024307614182,-2259.2282007277445
8.867987259211949,-1.124527117337914,1.6167771110969127,-2245.9261310611
8.849106868927585,-1.10564672705355,1.6075949601383246,-2236.25421759024
8.825782589571615,-1.08232244769758,1.5984133735149595,-2220.9030875451076
8.806760395638806,-1.0633002537647709,1.5892946865619413,-2210.5507249619213
8.784917325085717,-1.0414571832116817,1.5802003385674246,-2196.5088804384586
8.763664813723695,-1.02020467184966,1.5711396704858525,-2158.929535195617
8.743982824204101,-1.0005226823300664,1.56213314900067,-2123.022190122484
8.721475084374823,-0.9780149425007885,1.5531467263451684,-2083.4275726891156
8.7016654974741,-0.9582053556000645,1.5442137484098168,-2046.9453661394555
8.680621714447064,-0.9371615725730287,1.5353202879062786,-2008.8480607464862
8.65855466085878,-0.9150945189847448,1.526456325902941,-1969.4402709476958
8.63966570622955,-0.8962055643555153,1.5176565709994303,-1933.8822258299583
8.616338260189929,-0.872878118315894,1.5088758081524458,-1892.9179949708096
8.597329706734625,-0.8538695648605898,1.50015848366494,-1857.2179622128456
8.575485783674207,-0.8320256418001719,1.491477565811918,-1818.0838229028982
8.554243443021926,-0.8107833011478913,1.4828400382464728,-1779.6906233093487
8.532686100694207,-0.7892259588201718,1.4742442948447951,-1740.9014554886219
8.50979419883454,-0.7663340569605044,1.4656805928790726,-1700.491615758597
8.490654437000144,-0.7471942951261088,1.4571812158680553,-1664.6523222147644
8.468763027575514,-0.7253028857014794,1.4487246296298204,-1625.4615361076392
8.447561743173189,-0.7041016012991541,1.4403175022300612,-1587.1202601950722
8.42797561541071,-0.6845154735366759,1.4319724363159938,-1550.7330057880986
8.405067630739516,-0.6616074888654815,1.4236667828287113,-1510.314302112631
8.38591639207809,-0.6424562502040558,1.415427386746328,-1474.4578602420434
8.364019441031122,-0.6205592991570867,1.4072368429820525,-1435.2642378888022
8.34282436159699,-0.5993642197229558,1.3991009423313763,-1396.9236760246786
8.323254597090962,-0.579794455216927,1.3910302254055513,-1360.5589494321955
8.300364956718774,-0.5569048148447386,1.3830065982479522,-1320.1558792780806
8.28123064341881,-0.5377705015447756,1.375051971600307,-1284.3198145779727
8.25934606011326,-0.5158859182392241,1.3671525869542505,-1245.1361448456169
8.238150387372915,-0.4946902454988802,1.3593133093209098,-1206.8001449928383
8.220816408201298,-0.4773562663272628,1.3515529891220766,-1173.1749518325607
8.19792109803665,-0.45446095616261495,1.343846788551659,-1132.7980390087532
8.178469140113615,-0.4350089982395797,1.3362109651822862,-1096.5994599128235
8.157085757958683,-0.4136256160846479,1.3286384284516526,-1058.0596326599057
8.135424675268128,-0.3919645333940931,1.321129530196415,-1019.1771880643306
8.116219847461483,-0.3727597055874483,1.3136942505319924,-983.28440611099
8.093176219250994,-0.349716077376959,1.3063205625744587,-942.7207093453524
8.071807396454734,-0.3283472545806987,1.299015676490845,-904.1729290195133
8.052338744499226,-0.3088786026251906,1.2917863196262624,-867.9525910939889
8.030804241842043,-0.28734409996800814,1.284627707156686,-829.2286379140132
8.009146289052893,-0.2656861471788581,1.2775410418507611,-790.3215962433878
7.98851595625247,-0.2450558143784347,1.2705301293183542,-752.695674592605
7.96905261372735,-0.22559247185331532,1.2635984428280707,-716.4824353201516
7.945200355637336,-0.2017402137633013,1.2567387703174389,-674.9128201666249
7.924003725866718,-0.18054358399268278,1.2499578291762525,-636.5704959397531
7.906701207596218,-0.16324106572218344,1.2432625118271963,-602.988011692799
7.883768888405994,-0.14030874653195902,1.2366458298507808,-562.5601092202113
7.8644506475078355,-0.12099050563380054,1.2301136394130199,-526.529018957225
7.840506984724827,-0.09704684285079246,1.223662738543514,-484.84304962820045
7.821264162538749,-0.07780402066471392,1.21729871174489,-448.9023435120367
7.801974525484389,-0.05851438361035388,1.2110222940570188,-412.8998463696708
7.77923329939719,-0.03577315752315524,1.204833185163594,-372.71066519163134
7.759631181279868,-0.0161710394058332,1.1987338265369911,-336.3285411067778
7.738238987909521,0.005221153964513725,1.1927252121170508,-297.7768861156919
7.716532271817027,0.026927870057008363,1.1868089683883636,-258.8376355604309
7.697401595737372,0.04605854613666338,1.1809857533542603,-223.0348893820494
7.674351060158356,0.06910908171567876,1.1752585574932715,-182.46300036294807
7.654921688566578,0.08853845330745713,1.1696268503603144,-146.29538817204715
7.633512574517686,0.10994756735634859,1.1640933248968268,-107.71800492349152
7.6119655056732425,0.1314946362007925,1.158659701012872,-68.97924641526564
7.592612842336179,0.15084729953785558,1.1533248928232203,-32.901126094013506
7.569666040344251,0.1737941015297837,1.1480948123075692,7.539304964327272
7.550216319314277,0.19324382255975792,1.1429660696485382,43.736076664790176
7.528081171473353,0.21537897040068188,1.1379442176174301,83.19913663792306
7.505969487269051,0.23749065460498375,1.1330310002518067,122.64412041518426
7.491432370403811,0.2520277714702237,1.1282128506498394,152.80176216993559
7.485948662146787,0.2575114797272482,1.1234708649482381,171.75061414247335
7.491043739930401,0.2524164019436341,1.1187823137576243,177.5554230002192
7.506738928990501,0.2367212128835341,1.1141261251230332,170.0300574752178
7.530602672655594,0.21285746921844062,1.1094894986006476,152.03911776834033
7.554394093746537,0.18906604812749794,1.1048761847372566,133.61551940281504
7.581151488829494,0.16230865304454056,1.1002860028038675,110.99227807994214
7.604282013677706,0.13917812819632935,1.095727479963719,92.26830293017012
7.626591020081018,0.1168691217930169,1.0912045520241922,74.01200120154672
7.650566317579479,0.09289382429455628,1.0867189003951077,53.189111269127245
7.671551882708513,0.07190825916552157,1.0822755511956235,35.512082209939464
7.695563323587906,0.04789681828612924,1.0778757303839053,13.595801139048213
7.715675172417522,0.027784969456512876,1.0735235588451766,-4.0534295369201985
7.737502104913246,0.005958036960788782,1.0692209746961028,-24.31102505682483
7.7603504681756466,-0.01689032630161158,1.0649706452262035,-46.338187390274044
7.779829160552506,-0.036369018678470866,1.0607744703786512,-64.7129516563726
7.796549157382381,-0.05308901550834566,1.056633114778191,-80.21128451681923
7.801508067394954,-0.05804792552091875,1.0525420781333634,-81.7128273094716
7.79524007880424,-0.05177993693020522,1.0484958594503773,-69.75507302190134
7.779968286283524,-0.03650814440948924,1.0444911708783284,-46.93436844141618
7.7590694806619895,-0.015609338787954563,1.040528130191666,-17.256515209657632
7.733284224758832,0.010175917115202715,1.0366093651334323,18.3912746465844
7.709276536517884,0.034183605356150615,1.032738398306903,51.910986178578284
7.6832367745316,0.060223367342435274,1.0289193869917157,87.97852063152565
7.661224800482452,0.08223534139158328,1.0251538687112443,119.15802239755557
7.650259114039288,0.0932010278347466,1.0214366162104718,136.78797752616225
7.647879529819489,0.09558061205454571,1.0177615531139113,143.76680947041396
7.655731100568199,0.08772904130583559,1.0141212316892727,137.98700916864095
7.672900932237076,0.07055920963695872,1.0105104752702152,120.3932567717587
7.694618987488769,0.04884115438526582,1.0069291295628808,96.75843650148721
7.717230738832617,0.026229403041417854,1.0033797545740963,71.55880424387513
7.74317339805103,0.0002867438230049757,0.9998652790736839,41.725619177763065
7.765773396699421,-0.022313254825386153,0.9963892112823682,15.450747829668813
7.789552306944261,-0.04609216507022573,0.992954819889316,-12.829171984444478
7.812935287314781,-0.06947514544074629,0.9895651514034814,-41.13954663193934
7.834617396850113,-0.0911572549760784,0.9862221990959379,-67.87502417375656
7.857245679303655,-0.11378553742961994,0.9829292211775056,-96.30453591368709
7.868838400972779,-0.12537825909874378,0.9796790944143926,-111.7001793779875
7.870925220429722,-0.12746507855568723,0.9764635013595722,-115.82789980841619
7.862967226932612,-0.11950708505857666,0.9732733985819919,-107.91615717081385
7.846152679848686,-0.10269253797465083,0.9701023180024422,-89.27149547317977
7.82289216081383,-0.07943201893979523,0.9669481759452788,-62.792458053695896
7.799586897300442,-0.05612675542640666,0.9638142327278516,-36.21254538973514
7.77419846414265,-0.030738322268614837,0.9607032962353508,-7.053829778517638
7.7488859481053876,-0.005425806231352581,0.9576192670781871,22.05783189757026
7.726983005325816,0.01647713654821903,0.9545655581747986,47.05746541887413
7.700892985487173,0.042567156386861704,0.9515460122601432,77.18211618110993
7.681181957904508,0.06227818396952678,0.9485618677568342,99.5594270309652
7.66669234344507,0.07676779842896497,0.9456124417272077,115.50097453552202
7.661236381730942,0.0822237601430933,0.9426934555684287,120.26676528464525
7.6676754100346844,0.07578473183935053,0.9397982659290248,110.3284294200273
7.683696611233257,0.05976353064077777,0.9369227078000459,88.48969457472376
7.704036709771175,0.03942343210286037,0.9340669413481372,61.220559213064824
7.7286301828284545,0.014829959045580487,0.9312328494364662,28.676794402414323
7.753835573443327,-0.010375431569292104,0.9284240434122167,-4.626550004108667
7.77689669459044,-0.03343655271640511,0.9256437731638978,-35.3158434079778
7.803510477419561,-0.06005033554552597,0.9228963981669288,-70.31989740844045
7.823597352988868,-0.08013721111483285,0.9201825325307325,-97.35723529688225
7.837890463416585,-0.09443032154254993,0.9175007069468226,-117.25895778658531
7.8430583013737705,-0.0995981594997355,0.9148457282963068,-125.84778471009727
7.836525352504014,-0.09306521062997941,0.9122100175071618,-119.88993347088964
7.820491936804476,-0.07703179493044132,0.9095886062917943,-101.90847675454971
7.798100796103615,-0.054640654229579866,0.9069805389485895,-75.69234828723616
7.775920859058195,-0.03246071718416044,0.9043887822506317,-49.204749826790945
7.750560201807668,-0.007100059933632608,0.9018159947827231,-18.27406807098388
7.7280073902191235,0.015452751654911445,0.8992656337068721,9.74945925309773
7.702350852361237,0.04110928951279824,0.8967413426116294,42.05253241068392
7.680098878422669,0.06336126345136606,0.8942455106923164,70.54559101371123
7.658933616553551,0.08452652532048432,0.8917802909252633,97.8970617316982
7.645521325109352,0.09793881676468263,0.8893431921284461,115.8063593704892
7.643929637207141,0.09953050466689373,0.8869272615469553,119.12193829313387
7.652606827554756,0.09085331431927912,0.8845261408339559,109.54728078723103
7.669036882294115,0.07442325957991969,0.8821363248386552,90.06764012959455
7.691548515255855,0.05191162661818005,0.8797572208327133,62.61626519238983
7.716559381445529,0.02690076042850631,0.8773913119536411,31.56404780037931
7.739657043794307,0.0038030980797278957,0.8750422453417387,2.427612889553316
7.766234847318334,-0.022774705444298604,0.8727134830242177,-31.284682202125012
7.7879491429826775,-0.04448900110864251,0.8704076709520022,-59.2541679432766
7.812727686475667,-0.0692675446016322,0.8681286470060333,-91.03801933812217
7.834706454266682,-0.0912463123926468,0.8658782484650764,-119.42327180553985
7.847660530669651,-0.10420038879561577,0.8636531532884333,-136.72763213719156
7.852890407956393,-0.10943026608235762,0.8614488177659714,-144.39853715944724
7.8469824337408625,-0.10352229186682749,0.8592578658701259,-138.19485693207545
7.831132870558471,-0.08767272868443587,0.8570748046188732,-119.43660442884016
7.809412704134406,-0.06595256226037094,0.8548985731085722,-93.00433122543674
7.7866978908170745,-0.043237748943039556,0.8527315836284248,-64.83079897248265
7.759899142762225,-0.01643900088819006,0.850576297574406,-31.102161647343355
7.737277047242986,0.006183094631048824,0.8484365928157926,-2.0375793467106007
7.712450012811637,0.031010129062398306,0.8463156839556083,30.02896997879605
7.689163877193859,0.05429626468017634,0.8442164828887994,60.4072649512614
7.667025585735669,0.07643455613836636,0.8421414173814327,89.45481420231847
7.64385286014422,0.09960728172981526,0.8400937061214044,119.75814740396422
7.630286432318551,0.11317370955548434,0.8380695827453599,138.27296279193484
7.626066351573339,0.11739379030069585,0.8360632165055506,145.17794624819857
7.6318865442905945,0.11157359758344043,0.8340676952583808,139.51040494251075
7.647014800167591,0.0964453417064437,0.8320776025226411,122.0891925138584
7.669822778217318,0.07363736365671691,0.8300907090772066,94.75034167067862
7.692496492361245,0.050963649512789644,0.8281099684134079,67.06600457232615
7.718368844287572,0.02509129758646278,0.8261377396064071,35.010978971728974
7.7430254045873,0.00043473728673504297,0.8241777427512269,4.071789933283477
7.765819570466958,-0.022359428592922725,0.8222330637019062,-24.80085153568799
7.790441479870035,-0.046981337995999795,0.8203069847547713,-55.99740988406796
7.812584181695808,-0.06912403982177295,0.8184017765453729,-84.20336226547795
7.836463965156378,-0.09300382328234313,0.8165209344689676,-114.5113045580058
7.850731867806115,-0.10727172593207968,0.8146613448146062,-133.00956180978915
7.853390098144313,-0.10992995627027824,0.8128163351586956,-137.15723251334688
7.8460771799067865,-0.10261703803275157,0.8109797164472474,-128.78283728459868
7.830451004837443,-0.08699086296340841,0.8091473987242045,-109.87927839752966
7.80776022113999,-0.06430007926595493,0.8073179722136179,-81.94841329780454
7.783420841943748,-0.039960700069713084,0.8054938752981163,-51.66041806121042
7.759530007992389,-0.016069866118353815,0.8036783760001441,-21.709110676169406
7.733270679830878,0.010189462043157071,0.8018746721693861,11.242628123749505
7.711205363997052,0.032254777876983276,0.8000856737355635,39.0947320471271
7.685980253434756,0.057479888439279314,0.79831492267862,70.82252864779807
7.665626076221065,0.07783406565297035,0.796563607308422,96.57206346947191
7.655319688985656,0.08814045288837935,0.794828654490379,109.96657637529546
7.653488369368321,0.08997177250571387,0.7931060769786275,112.77797950627188
7.66238026498136,0.08107987689267482,0.7913906470982893,102.18694969772514
7.680637842284561,0.06282229958947383,0.7896792233652201,79.74354256556381
7.70293508774688,0.0405250541271549,0.7879726183449771,51.96342417719599
7.726412173409604,0.01704796846443113,0.7862733641904932,22.448974662557053
7.752739024615264,-0.009278882741228678,0.7845845034957619,-10.739735917045708
7.7752964382286445,-0.031836296354609495,0.7829090121841714,-39.42210812851775
7.800942156482486,-0.057482014608450704,0.7812504711285186,-71.8943795016544
7.821386874485483,-0.07792673261144767,0.7796100251649902,-97.99264179177516
7.831616985494358,-0.08815684362032261,0.7779846146906163,-111.52574596795881
7.833245852880346,-0.08978571100631072,0.7763702872570964,-114.30895190867851
7.824322755329766,-0.08086261345573131,0.7747620355974542,-103.9038717328896
7.806115256863683,-0.06265511498964838,0.7731568412585559,-81.70241194125502
7.783930471981183,-0.040470330107147845,0.7715555181321386,-54.13858652159089
7.76059957558234,-0.017139433708305063,0.7699605332060716,-24.74681593594918
7.73438765436392,0.00907248751011469,0.7683748394086527,8.522701387540488
7.711934337927182,0.03152580394685334,0.7668013402464855,37.424058007942115
7.686364146361644,0.057095995512391085,0.7652435334150831,70.2290654504324
7.665957181678758,0.07750296019527703,0.7637025629356212,96.7449938096066
7.655746071798612,0.08771407007542287,0.7621754728470059,110.72291414220534
7.6541246313341444,0.08933551053989053,0.7606584301148939,113.96225844367052
7.663062710293276,0.08039743158075918,0.759146564465515,103.99306455172245
7.681285750020291,0.06217439185374385,0.7576369545728644,82.22604243689497
7.70348505163665,0.03997509023738477,0.7561304213621913,55.08203687970519
7.726829108715324,0.01663103315871073,0.7546293985116626,26.00136525336037
7.753050352901677,-0.009590211027641793,0.7531368008075825,-7.167816346147433
7.775511233697569,-0.03205109182353372,0.7516554762848028,-36.20048412970434
7.80108678470003,-0.057626642825995056,0.7501888740146333,-69.37502379521516
7.8214965838114985,-0.07803644193746351,0.7487381131505915,-96.44825018990016
7.831709230765042,-0.0882490888910068,0.7473002797756821,-111.07294940562468
7.833331446805012,-0.08987130493097695,0.7458716035741714,-115.00604591724073
7.824394499248122,-0.08093435737408683,0.7444472910672201,-105.73043071826176
7.808371574885349,-0.0649114330113143,0.7430251877681744,-87.34261038466646
7.786239544957188,-0.04277940308315298,0.7416051292781152,-60.97076370638911
7.7633438292496,-0.01988368737556545,0.740189518617391,-33.122760227061974
7.734410208189759,0.009049933684275757,0.7387811847740148,2.703964620808396
7.711949760794847,0.03151038107918769,0.7373832007019034,31.20102125643792
7.689044402936274,0.054415738937761304,0.7359981876194702,60.80006580124612
7.667614815068347,0.07584532680568756,0.734628148842459,89.03441969362973
7.656465088969497,0.08699505290453757,0.7332704782740441,104.94443701383028
7.653796574623121,0.08966356725091362,0.7319216509421531,110.49404920808117
7.661719450983039,0.08174069089099589,0.7305769344568549,102.89253307703397
7.679088788960737,0.0643713529132981,0.7292332819023942,83.33284462028219
7.701217339377746,0.04224280249628887,0.7278911127095512,57.433097894408
7.726830919180894,0.016629222693141266,0.7265525451440153,26.704987499321604
7.7504849203129424,-0.007024778438907475,0.7252207666406211,-2.241194761902392
7.7755121199762245,-0.032051978102189516,0.7238987511104491,-33.42092342454014
7.798417613203467,-0.054957471329432295,0.7225889726484002,-62.60034601286466
7.821497019713553,-0.0780368778395184,0.7212940419009949,-92.51227624452915
7.830996743229485,-0.08753660135544994,0.7200101003201855,-106.16256496731192
7.833331753329135,-0.08987161145510036,0.7187341634176991,-111.15772284591695
7.824394744413802,-0.08093460253976659,0.7174613152820112,-102.2434307669757
7.808371763743728,-0.06491162186969301,0.7161894942757361,-84.30831631034633
7.78623969130124,-0.04277954942720541,0.7149185548738302,-58.417503535376206
7.763298494000424,-0.019838352126389402,0.7136508208325097,-30.986584661974604
7.736973388994304,0.006486752879730773,0.7123889422022535,1.1876055479129226
7.714222119361147,0.029238022512887873,0.7111357467060221,29.56328997860877
7.689044436114849,0.05441570575918586,0.7098943616447639,61.49694776727247
7.665964910301903,0.077495231572132,0.7086670163281661,91.40363520020499
7.656463059736991,0.08699708213704405,0.7074499658285871,105.05023074566151
7.653796354525764,0.08966378734827085,0.7062404496307588,110.44367155755705
7.663067186154102,0.08039295571993321,0.7050333815341481,101.1146779592348
7.679088799041025,0.06437134283301038,0.7038269076814578,83.17273579549547
7.70348761403548,0.03997252783855476,0.7026204497053579,54.49348987258032
7.724221371235537,0.01923877063849755,0.7014172042412683,29.73851332667244
7.750488357438096,-0.007028215564060858,0.7002193438944881,-2.369083346326131
7.77551212250882,-0.03205198063478498,0.699029979726821,-33.5358913222356
7.798417734772811,-0.05495759289877622,0.6978515130991059,-62.710853283918965
7.819936974634647,-0.07647683276061201,0.6966858935264975,-90.70448723152012
7.830996744195371,-0.08753660232133598,0.6955305800969137,-106.24511531656084
7.833662719969104,-0.09020257809506926,0.6943822625171402,-111.6387329452663
7.824394745087678,-0.08093460321364265,0.6932359168974729,-102.31412788186579
7.80837172380593,-0.06491158193189506,0.6920897061797605,-84.37118870997013
7.786239687290323,-0.04277954541628759,0.6909434988739818,-58.473819971351126
7.760631007016911,-0.01717086514287569,0.6897993117977592,-27.764896218774705
7.734410278154945,0.009049863719090112,0.6886602846234429,4.316970245474528
7.71420935720382,0.029250784670215246,0.6875287335061301,29.596711719016554
7.689049386614614,0.05441075525942107,0.6864077825107091,61.510524761926625
7.667586752448668,0.07587338942536714,0.6852990095882815,89.43454324990506
7.655752349375113,0.08770779249892158,0.684200288824675,105.92482556095284
7.654130177106111,0.08932996476792354,0.6831076350736229,110.04618010417704
7.661719464349587,0.08174067752444802,0.682017239662652,102.77729652213671
7.679089500058471,0.06437064181556362,0.6809261382317192,83.22408803376469
7.701222233730907,0.04223790814312789,0.6798347392721533,57.35302435647064
7.724231953463037,0.019228188410997937,0.6787452590841989,29.865557391371514
7.750488370225382,-0.007028228351346755,0.6776602505160548,-2.228926919304757
7.773181666193817,-0.0297215243197817,0.6765823922139386,-30.53606438574085
7.801087380426273,-0.057627238552237614,0.6755154015918559,-65.78602290805478
7.819944662491381,-0.07648452061734634,0.6744594250894119,-90.52557878623828
7.830998772694124,-0.08753863082008895,0.6734127174348298,-106.05072688726607
7.833665638115366,-0.09020549624133078,0.6723720872214284,-111.44939713598183
7.825739719492966,-0.08227957761893112,0.6713331915661426,-103.78764923188537
7.80821168536628,-0.06475154349224521,0.670293186364577,-84.0405625248285
7.786239679416912,-0.04277953754287722,0.6692525609734147,-58.36484337681639
7.763229273663718,-0.019769131789683314,0.6682134490104381,-30.843980640479685
7.736983828099209,0.006476313774825826,0.6671783583315983,1.2062488269637202
7.713876384139643,0.029583757734392258,0.6661499939270868,30.021422067875918
7.689044427820645,0.054415714053390296,0.6651312072723713,61.5047272200524
7.667344241664758,0.07611590020927661,0.6641236639424849,89.72028673603981
7.65646544591063,0.08699469596340492,0.6631248576992556,105.03239914513198
7.653813664040228,0.0896464778338073,0.6621317272248104,110.40853118913776
7.661721500560101,0.08173864131393405,0.6611400403970475,102.75258874373615
7.679301935874745,0.06415820599928956,0.6601470006581639,82.9411977708709
7.701221826573029,0.04223831530100597,0.6591531339965172,57.32874494919487
7.724467752014871,0.018992389859164405,0.6581605102409356,29.550914441184016
7.750488357719958,-0.007028215845923391,0.6571716510760931,-2.226301115205505
7.773585717280602,-0.030125575406566796,0.6561891941604304,-31.001956156420697
7.798415558384002,-0.054955416509966604,0.6552159549380383,-62.482666564281296
7.819942843125815,-0.0764827012517797,0.6542535096694903,-90.48605271947115
7.831001392777119,-0.08754125090308396,0.6532994903571285,-106.01665054228735
7.8336656360542705,-0.09020549418023549,0.652350807159092,-111.41213750236855
7.82574242110728,-0.08228227923324472,0.6514032570715802,-103.73753416121289
7.808212854351358,-0.06475271247732284,0.6504540853724627,-83.9885992164918
7.78625436486371,-0.04279422298967539,0.6495037744601428,-58.30223549893891
7.762895876635683,-0.019435734761647616,0.6485543639234379,-30.385766366686916
7.737016905352984,0.006443236521050721,0.6476083527631524,1.218841166812906
7.713876384143618,0.02958375773041677,0.6466683436278935,30.074203296575078
7.689081109048527,0.0543790328255076,0.6457370998379609,61.51250204580184
7.667344241660165,0.07611590021387027,0.6448162626618121,89.75390871835627
7.656462442638318,0.08699769923571665,0.6439033994102296,105.06970614858426
7.653813664035934,0.08964647783810076,0.6429955431637295,110.44616082167899
7.661719523900715,0.08174061797331955,0.6420885936616247,102.79264374021336
7.679143497069954,0.06431664480408106,0.6411798847377622,83.17325506042032
7.701204120925337,0.04225602094869796,0.640269844240198,57.39002387250967
7.726830924259848,0.01662921761418712,0.6393603375407108,26.659058814163757
7.753051653121548,-0.009591511247513118,0.6384542898192758,-5.4228232524012725
7.775512122513918,-0.032051980639883126,0.6375541564147528,-33.44792674785201
7.801087380424484,-0.05762723855044882,0.636662906218049,-65.86632103490777
7.821497020912781,-0.07803687903874579,0.6357815408347369,-92.51095744975794
7.831709581901414,-0.08824944002737922,0.6349076459734038,-107.03070584126317
7.833331754170831,-0.08987161229679597,0.6340380752703515,-111.15206407338115
7.824394745088507,-0.08093460321447221,0.6331688069359295,-102.24570140722483
7.806172734133896,-0.06271259225986103,0.6322974331725006,-81.63095690627735
7.783974317224729,-0.040514175350693904,0.63142466808026,-55.65290536356515
7.760631007018483,-0.017170865144447767,0.6305525772649623,-27.727572105641435
7.734410278156893,0.009049863717142337,0.6296836277113387,4.323550566012408
7.711949808764592,0.03151033310944307,0.628820251743255,32.34780316680849
7.686374550854105,0.057085591019929716,0.627965372140142,64.79829548291578
7.665964910365845,0.07749523150819027,0.6271199917266438,91.44376570165879
7.655752349377143,0.08770779249689209,0.6262817566539972,105.95498438273528
7.654130177107551,0.0893299647664838,0.6254475868023446,110.08034922238298
7.663067186189644,0.08039295568439098,0.6246135426979343,101.17395358728007
7.681289197144003,0.06217094473003204,0.6237772729360385,80.55728013640127
7.703487614052929,0.03997252782110561,0.6229394923060424,54.57922837642346
7.726830924258955,0.01662921761507974,0.6221022420539943,26.65388666895919
7.753051653120327,-0.009591511246291873,0.621267963661314,-5.397112797860734
7.775512122512462,-0.0320519806384274,0.6204390492329026,-33.42621196977924
7.801087380422868,-0.057627238548833226,0.6196183910864176,-65.84466576214899
7.8214970209111785,-0.07803687903714351,0.6188069686200426,-92.49221230640303
7.831709581900033,-0.0882494400259981,0.61800243830232,-107.00340353973421
7.833331754169822,-0.089871612295787,0.6172017435979812,-111.12855992908284
7.824394745087961,-0.08093460321392598,0.6164009752327834,-102.22217282895603
7.806172734133827,-0.06271259225979176,0.615597793267419,-81.60487909879191
7.7839743172251055,-0.04051417535107049,0.6147928950881401,-55.626832442520495
7.7606310070192706,-0.01717086514523558,0.6139882935549156,-27.698669602483882
7.73441027815805,0.00904986371598504,0.6131863927343103,4.352452918642075
7.7119498087660014,0.03151033310803353,0.612389563613038,32.38155413215619
7.686374550855688,0.05708559101834698,0.611600655235679,64.79998458352681
7.665964910367405,0.07749523150662974,0.6108206483596376,91.44543296989126
7.655752349378436,0.0877077924955989,0.6100472560578675,105.956683092273
7.654130177108407,0.0893299647656276,0.6092774835946572,110.08204790770822
7.663067186189949,0.08039295568408633,0.6085074986057425,101.17568469264354
7.681289197143753,0.06217094473028162,0.6077350140241878,80.55902527026207
7.703487614052166,0.03997252782186855,0.6069607280694316,54.581149736278725
7.726830924257717,0.01662921761631786,0.6061866309602612,26.65180726507022
7.753051653118661,-0.00959151124462565,0.6054151032501015,-5.398795274164259
7.775512122510502,-0.03205198063646719,0.6046484780182417,-33.427894445654346
7.801087380420729,-0.057627238546693604,0.6038895761973236,-65.84590806304584
7.821497020909102,-0.07803687903506695,0.6031393559535058,-92.49345460740672
7.8317095818982825,-0.0882494400242475,0.6023955383858474,-107.00468188038066
7.833331754168581,-0.08987161229454621,0.601655149269183,-111.12983827038535
7.824394745087336,-0.0809346032133007,0.6009143826804163,-102.22347489091149
7.806172734133818,-0.06271259225978287,0.6001709608494693,-81.6080824271537
7.783974317225666,-0.04051417535163093,0.5994255652059146,-55.63024823935304
7.760631007020352,-0.017170865146317382,0.5986801593285372,-27.67372733302313
7.734410278159595,0.00904986371443961,0.5979370885599318,4.40815473234005
7.711949808767846,0.03151033310618878,0.5971986665831053,32.460372808268154
7.686374550857712,0.05708559101632282,0.5964676736278685,64.91086512388227
7.66596491036935,0.07749523150468463,0.5957450694010067,91.57496364376303
7.655752349380008,0.08770779249402683,0.5950286282820256,106.09471203607067
7.6541301771094075,0.08932996476462751,0.5943154339897695,110.21607026958759
7.663067186190271,0.08039295568376392,0.5936017528001902,101.29353494311717
7.681289197143406,0.062170944730628896,0.5928853567577821,80.65239407894398
7.70348761405121,0.03997252782282512,0.5921669282981137,54.64715797404463
7.726830924256195,0.016629217617840197,0.5914484099233587,26.690637068135402
7.75305165311663,-0.009591511242595274,0.5907321252628344,-5.3912449968105465
7.775512122508159,-0.03205198063412418,0.5900203521956623,-33.44346307244097
7.801087380418201,-0.05762723854416585,0.5893158449590792,-65.89395538791075
7.821497020906707,-0.07803687903267242,0.5886195414811759,-92.55805390793658
7.831709581896312,-0.08824944002227664,0.5879292222424644,-107.07780230053574
7.833331754167221,-0.08987161229318641,0.5872419888494826,-111.19916053440716
7.824394745086694,-0.08093460321265944,0.5865541307946045,-102.27662520833148
7.806172734133867,-0.06271259225983172,0.5858634275860463,-81.63548434452417
7.783974317226327,-0.04051417535229174,0.5851705454698952,-55.63024823994386
7.760631007021607,-0.01717086514757238,0.5844774018996175,-27.673727334361665
7.734410278161352,0.009049863712682793,0.5837862872950131,4.408154730356064
7.711949808769884,0.0315103331041513,0.5830994616987416,32.460372805901244
7.686374550859927,0.057085591014107706,0.5824196409738519,64.91086512125356
7.665964910371385,0.07749523150264981,0.581747764788983,91.57496364130974
7.655752349381605,0.08770779249242988,0.5810816639964004,106.09471203411367
7.654130177110387,0.08932996476364785,0.5804184947691993,110.21607026835672
7.663067186190531,0.08039295568350369,0.5797546146562835,101.29353494275071
7.6812891971429815,0.062170944731053446,0.5790878502974521,80.65239407941381
7.7034876140502,0.03997252782383498,0.578418869128613,54.647157975242244
7.726830924254589,0.016629217619446024,0.5777495689486123,26.69063707008584
7.750484924106999,-0.0070247822329641,0.5770821347498398,-2.2418685019798463
7.773116536198011,-0.029656394323976265,0.5764186680069202,-30.473277921743744
7.801087380415681,-0.057627238541646086,0.5757623663257052,-65.8344076009325
7.819930821168755,-0.07647067929471962,0.575113370040826,-90.57677904553303
7.830976392574378,-0.08751625070034308,0.5744702234336683,-106.09983682171683
7.83366271993241,-0.09020257805837506,0.5738302474029037,-111.51811507561374
7.8257403999700905,-0.08228025809605555,0.5731897621003931,-103.84457488675723
7.808369462355942,-0.0649093204819069,0.5725464018556586,-84.26384886811287
7.786244566467739,-0.04278442459370435,0.5719005168337886,-58.375183792933655
7.760631007022745,-0.017170865148710135,0.5712537880660105,-27.660310060446022
7.734410278162936,0.009049863711099171,0.5706088298273629,4.421572003690985
7.714230213040884,0.029229928833150787,0.5699675781766793,29.675734040619112
7.689049386628502,0.05441075524553263,0.5693326477077162,61.614894057169764
7.667621455083398,0.07583868679063688,0.5687053621636206,89.49633767437987
7.656463136455229,0.08699700541880606,0.5680837729134767,105.15665215292208
7.653796410593845,0.08966373128019,0.5674652088473862,110.55114819740041
7.661719464360746,0.08174067751328895,0.5668460616682808,102.8767412393347
7.681289197142646,0.06217094473138918,0.5662234672748092,80.59811835322054
7.703487614049443,0.03997252782459171,0.5655985086255274,54.592882249576284
7.726830924253382,0.01662921762065306,0.5649730415597992,26.63636134499447
7.7504097460847765,-0.0069496042107415334,0.5643492009400859,-2.2039007952521343
7.7731165361886,-0.029656394314565127,0.5637290465826761,-30.526651500446846
7.798417713495573,-0.05495757162153758,0.5631151174815113,-62.612099880072705
7.8199446889522175,-0.07648454707818253,0.5625087310334481,-90.61513240289072
7.830976392569754,-0.08751625069571922,0.5619078709792148,-106.12134081647476
7.8336615291987775,-0.09020138732474248,0.5613099238865832,-111.53815804581045
7.824394745085679,-0.08093460321164425,0.5607108677666701,-102.214946055141
7.808369460953044,-0.06490931907900865,0.5601092441367667,-84.2691889997044
7.786244566467924,-0.04278442459388909,0.559504969021839,-58.380525629284705
7.76335076106858,-0.019890619194544712,0.5588998822531446,-31.002790110829903
7.734410278163634,0.009049863710401063,0.5582961508341714,4.383593118115169
7.714209679288388,0.02925046258564734,0.5576958672905755,29.662950070176656
7.689049386629523,0.05441075524451211,0.5571015857492875,61.57716157616149
7.667523583347439,0.07593655852659609,0.5565146339085847,89.57869381460473
7.655752349383075,0.08770779249095995,0.5559332898883029,105.99222987146567
7.653796407259384,0.08966373461465071,0.5553544930013997,110.523123714644
7.661721500572173,0.08173864130186193,0.5547749539721539,102.84621427377988
7.679092422399811,0.06436771947422404,0.554192406953125,83.26550799400852
7.701222233730318,0.04223790814371675,0.5536072006986448,57.37081222939426
7.724231627659048,0.019228514214987058,0.5530211496805321,29.851191158338395
7.7504883577091,-0.00702821583506541,0.552436345939474,-2.243672807048334
7.773252351748159,-0.0297922098741239,0.5518549960755574,-30.637556080243698
7.798417614233815,-0.05495747235977966,0.5512795571577332,-62.55786676080209
7.819944662648465,-0.07648452077443046,0.5507113356439897,-90.56098761192779
7.830998773311979,-0.08753863143794405,0.5501483680392374,-106.09468915526128
7.833665647279189,-0.09020550540515426,0.549588085088453,-111.48936666744731
7.825740376793373,-0.08228023491933811,0.5490269743282742,-103.81224131441479
7.808160021786499,-0.06469987991246384,0.5484627235038196,-83.97455987678477
7.786257868837193,-0.04279772696315831,0.5478957744197251,-58.35668710082246
7.763229957510406,-0.019769815636371035,0.5473278634761153,-30.81456323784573
7.736983796989345,0.006476344884689844,0.546761057325722,1.2365353206550882
7.714087857608759,0.029372284265275717,0.5461975612069565,29.76344581113795
7.689049939807227,0.05441020206680758,0.5456397739047437,61.5289652273006
7.667414321758408,0.07604582011562666,0.5450890419902694,89.64643914953994
7.656464342545401,0.08699579932863433,0.5445433842996614,105.04480849369199
7.653815553479662,0.08964458839437306,0.5440003001793974,110.42125320599753
7.661719087197909,0.08174105467612591,0.5434563493391552,102.78671549159341
7.679194851758427,0.06426529011560778,0.5429092813421063,83.10375687773406
7.701221822391653,0.0422383194823821,0.5423594885592621,57.3612604872779
7.724566319714685,0.01889382215934976,0.5418086994363506,29.430472487490324
7.750488357712852,-0.007028215838817076,0.5412590113345915,-2.257740634881376
7.7734624595833495,-0.030002317709314497,0.5407125857521836,-30.882061366045328
7.798417635908251,-0.054957494034216126,0.5401717832248805,-62.51501959215779
7.82011729630121,-0.07665715442717502,0.5396379577836616,-90.7100570642166
7.831001392771927,-0.08754125089789166,0.5391090901522622,-106.02869335193769
7.833648155427626,-0.09018801355359063,0.5385827072083583,-111.40273091661729
7.825740378100358,-0.08228023622632286,0.5380553823142095,-103.76303242886229
7.808316506016591,-0.06485636414255591,0.537524883093197,-84.11735555357279
